CountryID,name
1,Argentina
2,Australia
3,Brazil
4,Canada
5,China
6,Cuba
7,Denmark
8,Egypt
9,England
10,Finland
11,France
12,Germany
13,Greece
14,India
15,Indonesia
16,Israel
17,Italy
18,Japan
19,Kenya
20,Luxembourg
21,Madagascar
22,Malaysia
23,Mexico
24,Mongolia
25,Morocco
26,Nepal
27,New Zealand
28,Oman
29,Peru
30,Poland
31,Russia
32,Scotland
33,Skyrim
34,South Africa
35,South Korea
36,Spain
37,Sri Lanka
38,Freljord
39,Tanzania
40,Thailand
41,United States
42,Vatican City